{
  "Precision": 0.275,
  "Recall": 0.6423357664233577,
  "F1": 0.3851203501094092,
  "PR_AUC": 0.34521012358651226
}