{
  "Precision": 0.2805755395683453,
  "Recall": 0.5693430656934306,
  "F1": 0.3759036144578313,
  "PR_AUC": 0.3647098963137165
}