{
  "Precision": 0.26756756756756755,
  "Recall": 0.5892857142857143,
  "F1": 0.3680297397769517,
  "PR_AUC": 0.37025870144036876
}