{
  "Precision": 0.2542857142857143,
  "Recall": 0.6496350364963503,
  "F1": 0.3655030800821355,
  "PR_AUC": 0.3675774291279777
}